-- V2__insert_data.sql

-- Insertar datos en la tabla 'categoria'
INSERT INTO `categoria` (id_categoria, nombre, descripcion) VALUES
(1, 'Electrónicos', 'Productos de tecnología como teléfonos, computadoras, etc.'),
(2, 'Comida', 'Alimentos y bebidas de todo tipo'),
(3, 'Accesorios', 'Complementos y accesorios para diferentes productos');

-- Insertar datos en la tabla 'usuario'
INSERT INTO `usuario` (id_usuario, nombre, apellido, email, contrasena, telefono, fecha_nacimiento) VALUES
    (1, 'Juan', 'Pérez', 'juanp', 'password123', '5551234567', '1990-05-15'),
    (2, 'María', 'Gómez', 'mariag', 'password456', '5559876543', '1985-09-23'),
    (3, 'Joaquin', 'Hidalgo', 'joaquin@correo.com', '$2a$10$GShaE5pRtK8uUCT9XxtsceLYxhrS0FkH8bpB8BPyxdn0rC6uvH2uW', '123456789', '1998-09-22');

-- Insertar datos en la tabla 'rol'
INSERT INTO `rol` (id_rol, nombre) VALUES
                                       (1, 'ROL_ADMIN'),
                                       (2, 'ROL_USUARIO');

-- Insertar datos en la tabla 'usuario_rol'
INSERT INTO `usuario_rol` (id_usuario, id_rol) VALUES
                                                   (1, 1),  -- Juan tiene el rol de Administrador
                                                   (2, 2),  -- María tiene el rol de Usuario
                                                   (3, 2);  -- Joaquin tiene el rol de Usuario
INSERT INTO `producto`
VALUES (1,'Smartphone','Teléfono inteligente con 128GB de almacenamiento',150,699.99000000,1,'https://plazavea.vteximg.com.br/arquivos/ids/28289272-1000-1000/imageUrl_1.jpg'),
       (2,'Laptop','Computadora portátil con procesador Intel i7',150,1199.99000000,1,'https://plazavea.vteximg.com.br/arquivos/ids/30051003-1000-1000/20424444.jpg'),
       (3,'Audífonos Bluetooth','Auriculares inalámbricos con cancelación de ruido',150,149.99000000,3,'https://imagedelivery.net/4fYuQyy-r8_rpBpcY7lH_A/falabellaPE/18483005_1/w=1500,h=1500,fit=pad'),
       (4,'Pizza Margherita','Pizza clásica con tomate, mozzarella y albahaca',150,8.99000000,2,'https://plazavea.vteximg.com.br/arquivos/ids/8983396-1000-1000/20201834.jpg'),
       (5,'Hamburguesa Doble','Hamburguesa con doble carne y queso',118,5.99000000,2,'https://plazavea.vteximg.com.br/arquivos/ids/2446512-1000-1000/114480.jpg'),
       (6,'Mouse Gamer','Ratón inalámbrico para juegos con luces LED',147,59.99000000,1,'https://plazavea.vteximg.com.br/arquivos/ids/19540448-1000-1000/imageUrl_2.jpg'),
       (7,'Tomate Italiano','Un tomate de textura firme y sabor dulce, ideal para ensaladas y salsas. Su color rojo vibrante lo hace perfecto para realzar cualquier plato.',99,5.60000000,2,'https://plazavea.vteximg.com.br/arquivos/ids/518590-220-220/60769.jpg?v=637417681802200000'),
       (8,'Plátano de Seda','Un plátano suave y dulce, con una textura cremosa. Perfecto para postres o como acompañante de batidos y jugos.',99,2.89000000,2,'https://plazavea.vteximg.com.br/arquivos/ids/29450552-220-220/772631.jpg?v=638616384640530000'),
       (9,'Palta Fuerte','Aguacate cremoso con un sabor suave y una textura ideal para hacer guacamole o agregar a ensaladas frescas.',99,9.90000000,2,'https://plazavea.vteximg.com.br/arquivos/ids/20372457-220-220/64576.jpg?v=638023231236300000'),
       (10,'Papaya','Fruta tropical de pulpa suave y dulce, rica en vitaminas y antioxidantes. Perfecta para comer sola o como ingrediente en ensaladas de frutas.',99,3.49000000,2,'https://plazavea.vteximg.com.br/arquivos/ids/182396-220-220/924003.jpg?v=636117143029130000'),
       (11,'Cebolla Roja P x kg','Cebolla de sabor suave y dulce, ideal para ensaladas, guisos o como aderezo para carnes.',99,2.09000000,2,'https://plazavea.vteximg.com.br/arquivos/ids/518589-220-220/844123.jpg?v=637417681771730000'),
       (12,'Naranja para Jugo','Naranjas jugosas y frescas, perfectas para preparar jugos naturales y refrescantes.',99,2.39000000,2,'https://plazavea.vteximg.com.br/arquivos/ids/10427282-220-220/48640.jpg?v=637865923151370000'),
       (13,'Limón Ácido','Limón fresco, ácido y lleno de vitamina C. Perfecto para dar sabor a tus comidas o para preparar bebidas refrescantes.',99,3.69000000,2,'https://plazavea.vteximg.com.br/arquivos/ids/177076-220-220/60288.jpg?v=635864715655970000'),
       (14,'Papa Blanca','Papa de textura suave y sabor neutro, ideal para hacer puré, papas fritas o como acompañante en cualquier comida.',99,2.99000000,2,'https://plazavea.vteximg.com.br/arquivos/ids/518585-220-220/848879.jpg?v=637417681641900000'),
       (15,'Zanahoria','Zanahorias frescas y crujientes, perfectas para ensaladas, sopas o para comer como snack saludable.',99,1.68000000,2,'https://plazavea.vteximg.com.br/arquivos/ids/226526-220-220/120930.jpg?v=636977898066530000'),
       (16,'Papa Amarilla Tumbay','Papa amarilla de sabor suave y dulce, ideal para hacer puré o acompañar carnes.',99,6.79000000,2,'https://plazavea.vteximg.com.br/arquivos/ids/518600-220-220/20171835.jpg?v=637417682122930000'),
       (17,'Zapallo Macre','Zapallo con pulpa suave y un sabor ligeramente dulce, perfecto para sopas y guisos.',99,1.99000000,2,'https://plazavea.vteximg.com.br/arquivos/ids/178669-220-220/20017639.jpg?v=635909118247730000'),
       (18,'Sandía','Fruta refrescante y jugosa, ideal para el verano. Perfecta para disfrutar sola o en ensaladas de frutas.',99,1.50000000,2,'https://plazavea.vteximg.com.br/arquivos/ids/214684-220-220/65702.jpg?v=636905883114370000'),
       (19,'Mandarina Malvacea','Mandarinas dulces y fáciles de pelar, perfectas para un snack rápido o para hacer jugos naturales.',99,5.70000000,2,'https://plazavea.vteximg.com.br/arquivos/ids/518575-220-220/874847.jpg?v=637417681323630000'),
       (20,'Vainita Americana','Judías verdes frescas, de sabor suave y ligeramente dulce, ideales para guisos, ensaladas o como acompañante de carnes.',99,6.49000000,2,'https://plazavea.vteximg.com.br/arquivos/ids/177992-220-220/60844.jpg?v=635909106219100000'),
       (21,'Ají Amarillo x kg','Ají picante y aromático, ideal para dar sabor a las salsas y platos típicos de la gastronomía peruana.',99,5.49000000,2,'https://plazavea.vteximg.com.br/arquivos/ids/177084-220-220/58797.jpg?v=635864715735700000'),
       (22,'Lechuga Americana BELL\'s Bolsa 300g','Lechuga fresca y crujiente, ideal para ensaladas, wraps o como acompañante de otros platos.',99,1.69000000,2,'https://plazavea.vteximg.com.br/arquivos/ids/266531-220-220/29529.jpg?v=637093725173230000'),
       (23,'Choclo Entero un','Mazorca de maíz dulce, perfecta para hervir o asar, ideal para acompañar carnes a la parrilla o como parte de una ensalada.',99,1.89000000,2,'https://plazavea.vteximg.com.br/arquivos/ids/173637-220-220/993908.jpg?v=635785255623570000'),
       (24,'Camote Amarillo Procesado','Camote amarillo, naturalmente dulce y lleno de nutrientes. Perfecto para preparar puré o como ingrediente en sopas y guisos.',99,2.79000000,2,'https://plazavea.vteximg.com.br/arquivos/ids/226523-220-220/65107.jpg?v=636977898045430000'),
       (25,'Espinaca BELL\'S Bolsa 350g','Espinaca fresca, ideal para ensaladas, batidos o como base de sopas y guisos.',99,3.99000000,2,'https://plazavea.vteximg.com.br/arquivos/ids/248702-220-220/66278.jpg?v=637062380101670000'),
       (26,'Pimiento Morrón','Pimiento morrón fresco y jugoso, ideal para ensaladas, guisos, o para dar color a cualquier plato.',99,6.29000000,2,'https://plazavea.vteximg.com.br/arquivos/ids/226561-220-220/120941.jpg?v=636978593891600000'),
       (47,'Smartphone HONOR HONOR X5B 6.56\" 4GB 64GB 50 MP + 0.08 MP Azul','Smartphone HONOR X5B 6.56\" 4GB 64GB 50 MP + 0.08 MP Azul, ideal para quienes buscan un teléfono con una cámara potente, una pantalla amplia de 6.56\", y un diseño elegante, todo a un excelente precio.',99,329.00000000,1,'https://plazavea.vteximg.com.br/arquivos/ids/30021990-220-220/20463749.jpg?v=638663915543730000'),
       (48,'Televisor SAMSUNG CRYSTAL UHD 65\" UHD 4K Smart TV UN65DU7000GXPE','Televisor SAMSUNG CRYSTAL UHD 65\" UHD 4K Smart TV UN65DU7000GXPE, un televisor de 65\" con resolución 4K, diseño elegante y funcionalidades smart, perfecto para los amantes de la tecnología que buscan una experiencia visual de calidad.',99,1699.00000000,1,'https://plazavea.vteximg.com.br/arquivos/ids/29428332-220-220/20425208.jpg?v=638609473015500000'),
       (49,'Televisor BLACKLINE LED 32\" HD Smart TV BL32-T3000HD','Televisor BLACKLINE LED 32\" HD Smart TV BL32-T3000HD, un televisor compacto de 32\", ideal para espacios más pequeños, con tecnología Smart TV para disfrutar de tus contenidos favoritos.',99,429.00000000,1,'https://plazavea.vteximg.com.br/arquivos/ids/30296277-220-220/20422735.jpg?v=638691552638800000'),
       (50,'Televisor SAMSUNG CRYSTAL UHD 50\" UHD 4K Smart TV UN50DU7000GXPE','Televisor SAMSUNG CRYSTAL UHD 50\" UHD 4K Smart TV UN50DU7000GXPE, una opción versátil con resolución 4K para una calidad de imagen espectacular, perfecto para disfrutar de películas y programas en alta definición.',99,1299.00000000,1,'https://plazavea.vteximg.com.br/arquivos/ids/30249477-220-220/20425221.jpg?v=638682051755970000'),
       (51,'Televisor HISENSE LED 58\" UHD 4K Smart TV 58A6N','Televisor HISENSE LED 58\" UHD 4K Smart TV 58A6N, ofrece una gran pantalla de 58\" con resolución 4K, ideal para aquellos que buscan una experiencia cinematográfica en casa.',99,1099.00000000,1,'https://plazavea.vteximg.com.br/arquivos/ids/29434277-220-220/20424505.jpg?v=638611204176670000'),
       (52,'Televisor TCL LED 50\" UHD 4K Smart TV 50P755','Televisor TCL LED 50\" UHD 4K Smart TV 50P755, un televisor con pantalla de 50\" y resolución 4K, para quienes desean una excelente calidad de imagen en su hogar.',99,1099.00000000,1,'https://plazavea.vteximg.com.br/arquivos/ids/29258604-220-220/20416783.jpg?v=638572577884300000'),
       (53,'Consola PS5 HW 2015 STD Latam Bndl 1 RTRN RC','Consola PS5 HW 2015 STD Latam Bndl 1 RTRN RC, la última consola de videojuegos de Sony, con un potente rendimiento gráfico, compatible con los mejores títulos de la nueva generación.',99,2799.00000000,1,'https://plazavea.vteximg.com.br/arquivos/ids/29033795-220-220/20404194.jpg?v=638501483609400000'),
       (54,'Smartphone SAMSUNG Galaxy A25 6.5\" 8GB 256GB 50MP + 8MP + 2MP Black','Smartphone SAMSUNG Galaxy A25 6.5\" 8GB 256GB 50MP + 8MP + 2MP Black, un smartphone con una pantalla de 6.5\", gran capacidad de memoria y un sistema de cámaras versátil para capturar todos tus momentos.',99,899.00000000,1,'https://plazavea.vteximg.com.br/arquivos/ids/29450946-220-220/20394554.jpg?v=638616392674770000'),
       (55,'Smartphone HONOR X6B 6.55\" 6GB 256GB 50MP+2MP Ocean Cyan','Smartphone HONOR X6B 6.55\" 6GB 256GB 50MP+2MP Ocean Cyan, un teléfono inteligente con pantalla de 6.55\", ideal para quienes buscan una gran capacidad de almacenamiento y cámaras de alta calidad.',99,589.00000000,1,'https://plazavea.vteximg.com.br/arquivos/ids/30021748-220-220/20429868.jpg?v=638663911826400000'),
       (56,'Smartphone SAMSUNG Galaxy A06 6.7\" 4GB 64GB 50MP + 2MP Negro','Smartphone SAMSUNG Galaxy A06 6.7\" 4GB 64GB 50MP + 2MP Negro, un smartphone con una gran pantalla de 6.7\" y cámaras de alta resolución, ideal para quienes buscan un dispositivo equilibrado y de calidad.',99,399.00000000,1,'https://plazavea.vteximg.com.br/arquivos/ids/29686690-220-220/20427280.jpg?v=638647824520900000'),
       (57,'Televisor SAMSUNG QLED 50\" UHD 4K Smart TV QN50Q60DAGXPE','Televisor SAMSUNG QLED 50\" UHD 4K Smart TV QN50Q60DAGXPE, televisor con tecnología QLED que ofrece una excelente calidad de imagen y una experiencia Smart TV completa.',99,1499.00000000,1,'https://plazavea.vteximg.com.br/arquivos/ids/29451095-220-220/20425216.jpg?v=638616394455200000'),
       (58,'Televisor SAMSUNG CRYSTAL UHD 65\" UHD 4K Smart TV UN65DU8000GXPE','Televisor SAMSUNG CRYSTAL UHD 65\" UHD 4K Smart TV UN65DU8000GXPE, una opción perfecta con una pantalla grande de 65\" y resolución 4K para los que buscan calidad y entretenimiento.',99,2299.00000000,1,'https://plazavea.vteximg.com.br/arquivos/ids/29307432-220-220/20422310.jpg?v=638584887317370000'),
       (59,'Smartphone ZTE A54 6.6\" 4GB 128GB 13MP Gris','Smartphone ZTE A54 6.6\" 4GB 128GB 13MP Gris, teléfono con una pantalla de 6.6\", ideal para quienes buscan un equipo económico pero con buenas características de cámara y rendimiento.',99,289.00000000,1,'https://plazavea.vteximg.com.br/arquivos/ids/28793033-220-220/20395213.jpg?v=638447905384000000'),
       (60,'Smartphone SAMSUNG Galaxy A15 6.5\" 8GB 256GB 50MP + 5MP + 2MP Blue Black','Smartphone SAMSUNG Galaxy A15 6.5\" 8GB 256GB 50MP + 5MP + 2MP Blue Black, un dispositivo de 6.5\" con una cámara potente y gran capacidad de almacenamiento, ideal para quienes buscan un equilibrio entre rendimiento y diseño.',99,599.00000000,1,'https://plazavea.vteximg.com.br/arquivos/ids/29450972-220-220/20394555.jpg?v=638616392935270000'),
       (61,'Televisor TCL LED 43\" UHD 4K Smart Tv 43P635','Televisor TCL LED 43\" UHD 4K Smart Tv 43P635, un televisor compacto pero con todas las funcionalidades de Smart TV y una excelente resolución 4K para disfrutar del mejor entretenimiento.',99,849.00000000,1,'https://plazavea.vteximg.com.br/arquivos/ids/27596512-220-220/20377868.jpg?v=638320037606470000'),
       (62,'Smartphone HONOR X6B 6.55\" 4GB 128GB 50MP+2MP Forest Green','Smartphone HONOR X6B 6.55\" 4GB 128GB 50MP+2MP Forest Green, dispositivo con cámara de 50 MP, pantalla de 6.55\" y gran capacidad de almacenamiento, ideal para quienes buscan un smartphone funcional y atractivo.',99,479.00000000,1,'https://plazavea.vteximg.com.br/arquivos/ids/30021763-220-220/20462401.jpg?v=638663912075100000'),
       (63,'Smartphone HONOR X6B 6.55\" 6GB 256GB 50MP+2MP Starry Purple','Smartphone HONOR X6B 6.55\" 6GB 256GB 50MP+2MP Starry Purple, smartphone con características premium, pantalla amplia, cámaras de alta resolución y gran capacidad de almacenamiento.',99,589.00000000,1,'https://plazavea.vteximg.com.br/arquivos/ids/30021743-220-220/20429871.jpg?v=638663911722300000'),
       (64,'Smartphone ZTE Blade V60 Smart 6.6\" 4GB 256GB 50MP Negro','Smartphone ZTE Blade V60 Smart 6.6\" 4GB 256GB 50MP Negro, un dispositivo económico pero con características de gama media, ideal para quienes buscan un buen rendimiento y cámara de 50 MP.',99,379.00000000,1,'https://plazavea.vteximg.com.br/arquivos/ids/29307806-220-220/20426031.jpg?v=638585077706430000'),
       (65,'Televisor LG LED 65\" UHD 4K ThinQ AI 65UT8050PSB','Televisor LG LED 65\" UHD 4K ThinQ AI 65UT8050PSB, televisor con pantalla grande de 65\" y tecnología avanzada ThinQ AI para una experiencia Smart TV única.',99,2399.00000000,1,'https://plazavea.vteximg.com.br/arquivos/ids/30284682-220-220/20424543.jpg?v=638688321135630000'),
       (66,'Tablet XIAOMI Redmi Pad SE 11\" 4GB 128GB Gris','Tablet XIAOMI Redmi Pad SE 11\" 4GB 128GB Gris, tablet con pantalla de 11\", ideal para quienes buscan una pantalla amplia y un buen rendimiento para entretenimiento y productividad.',99,599.00000000,1,'https://plazavea.vteximg.com.br/arquivos/ids/29227410-220-220/20423245.jpg?v=638567138970670000'),
       (87,'Parlante Amazon Alexa Echo Dot 5ta Generación Smart Hub Azul','Parlante Amazon Alexa Echo Dot 5ta Generación Smart Hub Azul, un dispositivo compacto con Alexa integrado, ideal para controlar tu hogar inteligente, escuchar música y mucho más.',99,179.00000000,3,'https://plazavea.vteximg.com.br/arquivos/ids/28478570-220-220/image-7a2bde4f265643aab00e0d0b585bdba1.jpg?v=638369772712200000'),
       (88,'Audífonos On Ear con Bluetooth SONY WH-CH520 Negro','Audífonos On Ear con Bluetooth SONY WH-CH520 Negro, con sonido claro y conexión inalámbrica, perfectos para disfrutar de tu música y hacer llamadas con comodidad.',99,119.00000000,3,'https://plazavea.vteximg.com.br/arquivos/ids/27474572-220-220/20356221.jpg?v=638295846791270000'),
       (89,'Audífonos In Ear SKULLCANDY Tw Rail Anc Black','Audífonos In Ear SKULLCANDY Tw Rail Anc Black, auriculares con cancelación activa de ruido para una experiencia auditiva envolvente y sin distracciones.',99,229.00000000,3,'https://plazavea.vteximg.com.br/arquivos/ids/29227420-220-220/20423880.jpg?v=638567139092730000'),
       (90,'Audífonos On Ear con Bluetooth SONY WH-CH520 Azul','Audífonos On Ear con Bluetooth SONY WH-CH520 Azul, diseño ergonómico y sonido nítido, ideales para largas horas de escucha sin cables.',99,119.00000000,3,'https://plazavea.vteximg.com.br/arquivos/ids/27474550-220-220/20356219.jpg?v=638295846565500000'),
       (91,'Torre de sonido LG XBOOM RNC9 Multi-Bluetooth Karaoke Star','Torre de sonido LG XBOOM RNC9 Multi-Bluetooth Karaoke Star, con tecnología Bluetooth y modo karaoke, ideal para fiestas y eventos.',99,1249.00000000,3,'https://plazavea.vteximg.com.br/arquivos/ids/29308554-220-220/20353607.jpg?v=638586345348600000'),
       (92,'Parlante JBL PartyBox Stage 320 Bluetooth IPX4','Parlante JBL PartyBox Stage 320 Bluetooth IPX4, parlante de alto rendimiento con sonido potente y resistente al agua, perfecto para fiestas al aire libre.',99,2199.00000000,3,'https://plazavea.vteximg.com.br/arquivos/ids/29057332-220-220/imageUrl_1.jpg?v=638512106360370000'),
       (93,'Audífonos Samsung Galaxy Buds FE In Ear Bluetooth Negro','Audífonos Samsung Galaxy Buds FE In Ear Bluetooth Negro, con sonido nítido y conectividad Bluetooth para un audio inalámbrico de alta calidad.',99,269.00000000,3,'https://plazavea.vteximg.com.br/arquivos/ids/28592942-220-220/image-a36181cbb79d49188436f1cbfd1d7068.jpg?v=638388840800430000'),
       (94,'Audífonos Inalámbricos Xiaomi Redmi Buds 5 Midnight Black','Audífonos Inalámbricos Xiaomi Redmi Buds 5 Midnight Black, con sonido equilibrado y conexión rápida, ideales para el día a día.',99,155.00000000,3,'https://plazavea.vteximg.com.br/arquivos/ids/28354105-220-220/image-c6cabcb8f6b04dc4be26ebabd6b777f9.jpg?v=638361113749800000'),
       (95,'Parlante Portátil MICRONICS Evers EV1000 Negro','Parlante Portátil MICRONICS Evers EV1000 Negro, parlante compacto con buen sonido y batería de larga duración, ideal para llevar a todas partes.',99,69.90000000,3,'https://plazavea.vteximg.com.br/arquivos/ids/27580840-220-220/20376376.jpg?v=638316366853730000'),
       (96,'Soundbar SAMSUNG Bluetooth 2.0Ch HW-C400/PE','Soundbar SAMSUNG Bluetooth 2.0Ch HW-C400/PE, barra de sonido con tecnología Bluetooth para una experiencia auditiva envolvente desde tu televisor.',99,299.00000000,3,'https://plazavea.vteximg.com.br/arquivos/ids/28495876-220-220/20355522.jpg?v=638371606558400000'),
       (97,'Audifonos Bluetooth Lenovo HD200 más Mochila Portalaptop Regalo','Audifonos Bluetooth Lenovo HD200 más Mochila Portalaptop Regalo, auriculares cómodos y Bluetooth de calidad, acompañados de una mochila práctica para tu laptop.',99,79.00000000,3,'https://plazavea.vteximg.com.br/arquivos/ids/26926959-220-220/image-ee7f9b7c93ec4a61ae723a747e23dd96.jpg?v=638235251003930000'),
       (98,'Audífonos Inalámbricos In-Ear HUAWEI FreeBuds 5i Azul','Audífonos Inalámbricos In-Ear HUAWEI FreeBuds 5i Azul, con diseño ergonómico y sonido de alta calidad, ideales para quienes buscan comodidad y estilo.',99,159.00000000,3,'https://plazavea.vteximg.com.br/arquivos/ids/26535656-220-220/image-9daffbc7c22148a29797535cc849bcc8.jpg?v=638217699599930000'),
       (99,'Torre de sonido LG XBOOM RNC5 Multi-Bluetooth Karaoke Star','Torre de sonido LG XBOOM RNC5 Multi-Bluetooth Karaoke Star, con Bluetooth y modo karaoke, para llevar la diversión y el sonido a otro nivel.',99,799.00000000,3,'https://plazavea.vteximg.com.br/arquivos/ids/29308534-220-220/20353605.jpg?v=638586345198430000'),
       (100,'Audífonos In Ear SONY WF-LS900N Blanco','Audífonos In Ear SONY WF-LS900N Blanco, con cancelación activa de ruido y excelente calidad de sonido, perfectos para disfrutar de tu música sin interrupciones.',99,649.00000000,3,'https://plazavea.vteximg.com.br/arquivos/ids/26504011-220-220/20281537.jpg?v=638211176289200000'),
       (101,'Minicomponente SONY MHC-V13 Negro','Minicomponente SONY MHC-V13 Negro, un sistema de audio compacto con un sonido potente y conexión Bluetooth para disfrutar de la música sin cables.',99,799.00000000,3,'https://plazavea.vteximg.com.br/arquivos/ids/26503951-220-220/20210084.jpg?v=638211175388700000'),
       (102,'Minicomponentes SONY MHC-V43D Negro','Minicomponentes SONY MHC-V43D Negro, un sistema de sonido con múltiples funciones, ideal para fiestas, con Bluetooth y efectos de luz.',99,1299.00000000,3,'https://plazavea.vteximg.com.br/arquivos/ids/26503920-220-220/20202615.jpg?v=638211175060200000'),
       (103,'Torre de Sonido SAMSUNG Bluetooth 1500W MX-T70/PE','Torre de Sonido SAMSUNG Bluetooth 1500W MX-T70/PE, torre de sonido potente con conexión Bluetooth y efectos de luces, ideal para fiestas y eventos.',99,1199.00000000,3,'https://plazavea.vteximg.com.br/arquivos/ids/28522905-220-220/20198082.jpg?v=638375469698700000'),
       (104,'Parlante Bluetooth JBL Xtreme 4 Portatil Extra Bass Pro IP67','Parlante Bluetooth JBL Xtreme 4 Portatil Extra Bass Pro IP67, parlante resistente al agua con un sonido envolvente, ideal para aventuras al aire libre.',99,1189.00000000,3,'https://plazavea.vteximg.com.br/arquivos/ids/29378283-220-220/imageUrl_1.jpg?v=638600873066000000'),
       (105,'Audífonos Inalámbricos In-Ear HUAWEI FreeBuds SE 2 Negro','Audífonos Inalámbricos In-Ear HUAWEI FreeBuds SE 2 Negro, diseño ergonómico con sonido claro y conexiones rápidas para un estilo de vida móvil.',99,94.90000000,3,'https://plazavea.vteximg.com.br/arquivos/ids/29221484-220-220/image-37490b54f8be433fa828838ca7584f8a.jpg?v=638564451282930000'),
       (106,'Audífonos In Ear SKULLCANDY Grind Tw','Audífonos In Ear SKULLCANDY Grind Tw, audífonos compactos y ligeros con sonido potente, ideales para quienes buscan un rendimiento superior.',99,169.00000000,3,'https://plazavea.vteximg.com.br/arquivos/ids/29089712-220-220/20404199.jpg?v=638521122322300000');
-- Insertar datos en la tabla 'resena'
INSERT INTO `resena` (id_resena, id_usuario, comentario, puntuacion, id_producto) VALUES
                                                                                      (1, 1, 'El teléfono es increíble, muy rápido y buena batería.', 4.8, 1),
                                                                                      (2, 2, 'La pizza estaba deliciosa, me gustó mucho la masa.', 4.5, 4),
                                                                                      (3, 1, 'El producto es excelente!', 5.0, 1);